{
  "Total" : {
    "transaction" : "Total",
    "sampleCount" : 60000,
    "errorCount" : 30534,
    "errorPct" : 50.89,
    "meanResTime" : 776.6397833333301,
    "minResTime" : 0.0,
    "maxResTime" : 1554.0,
    "pct1ResTime" : 1196.0,
    "pct2ResTime" : 1237.0,
    "pct3ResTime" : 1311.0,
    "throughput" : 1754.0269535475195,
    "receivedKBytesPerSec" : 2531.579907803958,
    "sentKBytesPerSec" : 99.26319448504692
  },
  "HTTP Request" : {
    "transaction" : "HTTP Request",
    "sampleCount" : 60000,
    "errorCount" : 30534,
    "errorPct" : 50.89,
    "meanResTime" : 776.6397833333301,
    "minResTime" : 0.0,
    "maxResTime" : 1554.0,
    "pct1ResTime" : 1196.0,
    "pct2ResTime" : 1237.0,
    "pct3ResTime" : 1311.0,
    "throughput" : 1754.0269535475195,
    "receivedKBytesPerSec" : 2531.579907803958,
    "sentKBytesPerSec" : 99.26319448504692
  }
}